GEOID,NAME,variable,estimate,moe
01,Alabama,B27010_002,1199122,4652
01,Alabama,B27010_003,1067179,9682
01,Alabama,B27010_010,85759,7752
01,Alabama,B27010_017,46184,5707
01,Alabama,B27010_018,1031093,6811
01,Alabama,B27010_019,799270,9522
01,Alabama,B27010_026,73339,4973
01,Alabama,B27010_033,158484,7102
01,Alabama,B27010_034,1884757,6293
01,Alabama,B27010_035,1432710,13466
01,Alabama,B27010_042,233995,9004
01,Alabama,B27010_050,218052,9449
01,Alabama,B27010_051,907455,3284
01,Alabama,B27010_052,322549,8814
01,Alabama,B27010_058,581207,9134
01,Alabama,B27010_066,3699,1192
02,Alaska,B27010_002,183282,2285
02,Alaska,B27010_003,152843,3409
02,Alaska,B27010_010,17744,2782
02,Alaska,B27010_017,12695,1842
02,Alaska,B27010_018,148394,3422
02,Alaska,B27010_019,109590,3886
02,Alaska,B27010_026,13398,2218
02,Alaska,B27010_033,25406,2286
02,Alaska,B27010_034,269486,3065
02,Alaska,B27010_035,202620,5112
02,Alaska,B27010_042,33335,3262
02,Alaska,B27010_050,33531,3290
02,Alaska,B27010_051,101153,1474
02,Alaska,B27010_052,25279,2318
02,Alaska,B27010_058,74552,2783
02,Alaska,B27010_066,1322,473
04,Arizona,B27010_002,1684628,4534
04,Arizona,B27010_003,1416580,13852
04,Arizona,B27010_010,122590,8818
04,Arizona,B27010_017,145458,11285
04,Arizona,B27010_018,1580918,6276
04,Arizona,B27010_019,1222987,14507
04,Arizona,B27010_026,97354,7437
04,Arizona,B27010_033,260577,11974
04,Arizona,B27010_034,2637709,4498
04,Arizona,B27010_035,2101684,14609
04,Arizona,B27010_042,226673,8009
04,Arizona,B27010_050,309352,11437
04,Arizona,B27010_051,1418252,2387
04,Arizona,B27010_052,596305,13820
04,Arizona,B27010_058,809842,13706
04,Arizona,B27010_066,12105,2544
05,Arkansas,B27010_002,743227,3508
05,Arkansas,B27010_003,643316,8892
05,Arkansas,B27010_010,50037,4945
05,Arkansas,B27010_017,49874,6481
05,Arkansas,B27010_018,623551,5323
05,Arkansas,B27010_019,482106,6983
05,Arkansas,B27010_026,43124,3604
05,Arkansas,B27010_033,98321,5512
05,Arkansas,B27010_034,1113040,5201
05,Arkansas,B27010_035,873391,9484
05,Arkansas,B27010_042,122057,6529
05,Arkansas,B27010_050,117592,6573
05,Arkansas,B27010_051,533197,3168
05,Arkansas,B27010_052,213619,6405
05,Arkansas,B27010_058,316578,6884
05,Arkansas,B27010_066,3000,1117
06,California,B27010_002,8958890,10149
06,California,B27010_003,8005132,23918
06,California,B27010_010,668476,21444
06,California,B27010_017,285282,13558
06,California,B27010_018,8513048,12158
06,California,B27010_019,7093272,22683
06,California,B27010_026,540603,13145
06,California,B27010_033,879173,17222
06,California,B27010_034,14819243,7457
06,California,B27010_035,12490619,31158
06,California,B27010_042,1101313,20070
06,California,B27010_050,1227311,26873
06,California,B27010_051,6204343,4562
06,California,B27010_052,2456955,22664
06,California,B27010_058,3680771,24032
06,California,B27010_066,66617,4952
08,Colorado,B27010_002,1281784,5432
08,Colorado,B27010_003,1136401,12163
08,Colorado,B27010_010,92471,8390
08,Colorado,B27010_017,52912,5656
08,Colorado,B27010_018,1339419,7649
08,Colorado,B27010_019,1110470,10174
08,Colorado,B27010_026,90469,5891
08,Colorado,B27010_033,138480,7549
08,Colorado,B27010_034,2229462,5291
08,Colorado,B27010_035,1863870,12462
08,Colorado,B27010_042,175602,8174
08,Colorado,B27010_050,189990,7935
08,Colorado,B27010_051,925819,2585
08,Colorado,B27010_052,412082,8397
08,Colorado,B27010_058,507872,8396
08,Colorado,B27010_066,5865,1364
09,Connecticut,B27010_002,774308,3595
09,Connecticut,B27010_003,694861,7889
09,Connecticut,B27010_010,52828,5587
09,Connecticut,B27010_017,26619,4646
09,Connecticut,B27010_018,722746,3825
09,Connecticut,B27010_019,606823,7699
09,Connecticut,B27010_026,42720,4304
09,Connecticut,B27010_033,73203,6168
09,Connecticut,B27010_034,1405226,3168
09,Connecticut,B27010_035,1200109,10035
09,Connecticut,B27010_042,104987,6696
09,Connecticut,B27010_050,100130,7549
09,Connecticut,B27010_051,671541,1921
09,Connecticut,B27010_052,266656,6422
09,Connecticut,B27010_058,399668,6322
09,Connecticut,B27010_066,5217,1522
10,Delaware,B27010_002,226540,1594
10,Delaware,B27010_003,197168,4581
10,Delaware,B27010_010,18527,3302
10,Delaware,B27010_017,10845,3545
10,Delaware,B27010_018,194012,2348
10,Delaware,B27010_019,156693,4581
10,Delaware,B27010_026,13287,2420
10,Delaware,B27010_033,24032,3370
10,Delaware,B27010_034,381566,1657
10,Delaware,B27010_035,315541,4620
10,Delaware,B27010_042,36675,3716
10,Delaware,B27010_050,29350,3841
10,Delaware,B27010_051,215747,904
10,Delaware,B27010_052,67519,3678
10,Delaware,B27010_058,146400,3918
10,Delaware,B27010_066,1828,816
11,District of Columbia,B27010_002,134196,1647
11,District of Columbia,B27010_003,119165,6149
11,District of Columbia,B27010_010,13329,5833
11,District of Columbia,B27010_017,1702,1174
11,District of Columbia,B27010_018,202526,1719
11,District of Columbia,B27010_019,186525,3378
11,District of Columbia,B27010_026,8751,1676
11,District of Columbia,B27010_033,7250,2180
11,District of Columbia,B27010_034,246014,1022
11,District of Columbia,B27010_035,220526,3420
11,District of Columbia,B27010_042,16910,3086
11,District of Columbia,B27010_050,8578,2033
11,District of Columbia,B27010_051,86722,390
11,District of Columbia,B27010_052,21073,2054
11,District of Columbia,B27010_058,65054,2023
11,District of Columbia,B27010_066,595,385
12,Florida,B27010_002,4647684,7933
12,Florida,B27010_003,4003628,20901
12,Florida,B27010_010,293516,15141
12,Florida,B27010_017,350540,14897
12,Florida,B27010_018,4248306,10011
12,Florida,B27010_019,3171603,25056
12,Florida,B27010_026,248342,12780
12,Florida,B27010_033,828361,20640
12,Florida,B27010_034,8564857,9150
12,Florida,B27010_035,6641747,29772
12,Florida,B27010_042,767236,20597
12,Florida,B27010_050,1155874,24397
12,Florida,B27010_051,4815550,4268
12,Florida,B27010_052,2112527,22114
12,Florida,B27010_058,2656401,21965
12,Florida,B27010_066,46622,4422
13,Georgia,B27010_002,2683625,6593
13,Georgia,B27010_003,2297138,16418
13,Georgia,B27010_010,215350,11759
13,Georgia,B27010_017,171137,10579
13,Georgia,B27010_018,2326038,10194
13,Georgia,B27010_019,1684792,16650
13,Georgia,B27010_026,162901,9076
13,Georgia,B27010_033,478345,13953
13,Georgia,B27010_034,4157940,9965
13,Georgia,B27010_035,3154436,18066
13,Georgia,B27010_042,437692,11967
13,Georgia,B27010_050,565812,13722
13,Georgia,B27010_051,1665226,5177
13,Georgia,B27010_052,669257,13166
13,Georgia,B27010_058,977914,12944
13,Georgia,B27010_066,18055,2300
15,Hawaii,B27010_002,309837,1641
15,Hawaii,B27010_003,267052,5039
15,Hawaii,B27010_010,33611,4170
15,Hawaii,B27010_017,9174,2144
15,Hawaii,B27010_018,249575,2925
15,Hawaii,B27010_019,213736,4070
15,Hawaii,B27010_026,21649,2518
15,Hawaii,B27010_033,14190,2296
15,Hawaii,B27010_034,520454,2930
15,Hawaii,B27010_035,436670,4998
15,Hawaii,B27010_042,64282,4496
15,Hawaii,B27010_050,19502,2600
15,Hawaii,B27010_051,298296,651
15,Hawaii,B27010_052,82881,4458
15,Hawaii,B27010_058,213948,4480
15,Hawaii,B27010_066,1467,823
16,Idaho,B27010_002,497244,3115
16,Idaho,B27010_003,423726,6704
16,Idaho,B27010_010,40749,4814
16,Idaho,B27010_017,32769,4188
16,Idaho,B27010_018,407298,4074
16,Idaho,B27010_019,312314,6297
16,Idaho,B27010_026,35560,2902
16,Idaho,B27010_033,59424,5111
16,Idaho,B27010_034,699661,3485
16,Idaho,B27010_035,557143,6775
16,Idaho,B27010_042,64721,4177
16,Idaho,B27010_050,77797,4746
16,Idaho,B27010_051,333820,1718
16,Idaho,B27010_052,136580,3944
16,Idaho,B27010_058,195629,4153
16,Idaho,B27010_066,1611,617
17,Illinois,B27010_002,2866279,6847
17,Illinois,B27010_003,2594039,12193
17,Illinois,B27010_010,179669,9637
17,Illinois,B27010_017,92571,7757
17,Illinois,B27010_018,2607645,7570
17,Illinois,B27010_019,2196187,14566
17,Illinois,B27010_026,136579,6397
17,Illinois,B27010_033,274879,12555
17,Illinois,B27010_034,4763470,5362
17,Illinois,B27010_035,4035157,16770
17,Illinois,B27010_042,351315,11509
17,Illinois,B27010_050,376998,11842
17,Illinois,B27010_051,2141163,2787
17,Illinois,B27010_052,845607,12772
17,Illinois,B27010_058,1277440,12572
17,Illinois,B27010_066,18116,2552
18,Indiana,B27010_002,1674698,5026
18,Indiana,B27010_003,1459081,12721
18,Indiana,B27010_010,117232,8421
18,Indiana,B27010_017,98385,9355
18,Indiana,B27010_018,1441477,7154
18,Indiana,B27010_019,1185674,10085
18,Indiana,B27010_026,95070,5914
18,Indiana,B27010_033,160733,7729
18,Indiana,B27010_034,2506890,5010
18,Indiana,B27010_035,2084935,11537
18,Indiana,B27010_042,222543,7420
18,Indiana,B27010_050,199412,10371
18,Indiana,B27010_051,1141215,3322
18,Indiana,B27010_052,455786,8509
18,Indiana,B27010_058,680347,8316
18,Indiana,B27010_066,5082,1210
19,Iowa,B27010_002,767282,3765
19,Iowa,B27010_003,669042,6762
19,Iowa,B27010_010,72117,5526
19,Iowa,B27010_017,26123,3332
19,Iowa,B27010_018,664707,4830
19,Iowa,B27010_019,540206,7486
19,Iowa,B27010_026,62067,5127
19,Iowa,B27010_033,62434,4796
19,Iowa,B27010_034,1161573,4609
19,Iowa,B27010_035,982402,8587
19,Iowa,B27010_042,111108,5496
19,Iowa,B27010_050,68063,4128
19,Iowa,B27010_051,568486,2109
19,Iowa,B27010_052,203660,5515
19,Iowa,B27010_058,362696,5618
19,Iowa,B27010_066,2130,614
20,Kansas,B27010_002,726154,2999
20,Kansas,B27010_003,625478,7144
20,Kansas,B27010_010,60127,5045
20,Kansas,B27010_017,40549,4603
20,Kansas,B27010_018,610817,5010
20,Kansas,B27010_019,468262,7566
20,Kansas,B27010_026,53979,4719
20,Kansas,B27010_033,88576,5273
20,Kansas,B27010_034,1039237,4796
20,Kansas,B27010_035,834990,7943
20,Kansas,B27010_042,97112,5032
20,Kansas,B27010_050,107135,5538
20,Kansas,B27010_051,500413,2640
20,Kansas,B27010_052,186578,6236
20,Kansas,B27010_058,309793,6411
20,Kansas,B27010_066,4042,1350
21,Kentucky,B27010_002,1063578,5088
21,Kentucky,B27010_003,941949,9426
21,Kentucky,B27010_010,85010,6849
21,Kentucky,B27010_017,36619,4380
21,Kentucky,B27010_018,922266,6259
21,Kentucky,B27010_019,767611,8783
21,Kentucky,B27010_026,66528,4858
21,Kentucky,B27010_033,88127,6234
21,Kentucky,B27010_034,1674816,5323
21,Kentucky,B27010_035,1383421,11185
21,Kentucky,B27010_042,178473,7423
21,Kentucky,B27010_050,112922,6315
21,Kentucky,B27010_051,781588,2508
21,Kentucky,B27010_052,284128,6391
21,Kentucky,B27010_058,493887,6290
21,Kentucky,B27010_066,3573,1086
22,Louisiana,B27010_002,1126760,5084
22,Louisiana,B27010_003,988130,11559
22,Louisiana,B27010_010,90255,8784
22,Louisiana,B27010_017,48375,5760
22,Louisiana,B27010_018,901752,8730
22,Louisiana,B27010_019,709479,12054
22,Louisiana,B27010_026,72501,6807
22,Louisiana,B27010_033,119772,7986
22,Louisiana,B27010_034,1675978,8025
22,Louisiana,B27010_035,1343301,13085
22,Louisiana,B27010_042,195550,8304
22,Louisiana,B27010_050,137127,7703
22,Louisiana,B27010_051,773383,3081
22,Louisiana,B27010_052,288811,8125
22,Louisiana,B27010_058,480035,8667
22,Louisiana,B27010_066,4537,1201
23,Maine,B27010_002,261156,1934
23,Maine,B27010_003,228155,3336
23,Maine,B27010_010,21933,2423
23,Maine,B27010_017,11068,2151
23,Maine,B27010_018,261198,2354
23,Maine,B27010_019,212988,4063
23,Maine,B27010_026,20121,2682
23,Maine,B27010_033,28089,3150
23,Maine,B27010_034,546760,2365
23,Maine,B27010_035,444163,5750
23,Maine,B27010_042,61516,4085
23,Maine,B27010_050,41081,3349
23,Maine,B27010_051,309208,1441
23,Maine,B27010_052,117468,4321
23,Maine,B27010_058,190483,4350
23,Maine,B27010_066,1257,529
24,Maryland,B27010_002,1437219,5479
24,Maryland,B27010_003,1265665,12346
24,Maryland,B27010_010,104299,7831
24,Maryland,B27010_017,67255,8298
24,Maryland,B27010_018,1203658,7336
24,Maryland,B27010_019,996992,10849
24,Maryland,B27010_026,84210,6158
24,Maryland,B27010_033,122456,7029
24,Maryland,B27010_034,2404293,5182
24,Maryland,B27010_035,1998433,11738
24,Maryland,B27010_042,222290,8520
24,Maryland,B27010_050,183570,8731
24,Maryland,B27010_051,1042142,2559
24,Maryland,B27010_052,311109,10304
24,Maryland,B27010_058,722957,10177
24,Maryland,B27010_066,8076,1559
25,Massachusetts,B27010_002,1436404,4424
25,Massachusetts,B27010_003,1295329,8970
25,Massachusetts,B27010_010,119886,8786
25,Massachusetts,B27010_017,21189,3860
25,Massachusetts,B27010_018,1542497,5095
25,Massachusetts,B27010_019,1363012,8867
25,Massachusetts,B27010_026,104845,6372
25,Massachusetts,B27010_033,74640,6066
25,Massachusetts,B27010_034,2696482,4002
25,Massachusetts,B27010_035,2388430,12102
25,Massachusetts,B27010_042,233165,8930
25,Massachusetts,B27010_050,74887,7446
25,Massachusetts,B27010_051,1258692,1454
25,Massachusetts,B27010_052,395117,9067
25,Massachusetts,B27010_058,855221,9060
25,Massachusetts,B27010_066,8354,1715
26,Michigan,B27010_002,2241719,5262
26,Michigan,B27010_003,1974394,13309
26,Michigan,B27010_010,200976,9733
26,Michigan,B27010_017,66349,5841
26,Michigan,B27010_018,2076045,6526
26,Michigan,B27010_019,1757987,12141
26,Michigan,B27010_026,147388,7108
26,Michigan,B27010_033,170670,7782
26,Michigan,B27010_034,3723216,4900
26,Michigan,B27010_035,3175502,11784
26,Michigan,B27010_042,344692,8602
26,Michigan,B27010_050,203022,7458
26,Michigan,B27010_051,1890659,2600
26,Michigan,B27010_052,568776,9476
26,Michigan,B27010_058,1313582,9878
26,Michigan,B27010_066,8301,1759
27,Minnesota,B27010_002,1369819,4041
27,Minnesota,B27010_003,1210113,9643
27,Minnesota,B27010_010,113630,8074
27,Minnesota,B27010_017,46076,5250
27,Minnesota,B27010_018,1155930,5416
27,Minnesota,B27010_019,997488,8491
27,Minnesota,B27010_026,74036,4375
27,Minnesota,B27010_033,84406,5696
27,Minnesota,B27010_034,2162440,4064
27,Minnesota,B27010_035,1889436,8058
27,Minnesota,B27010_042,168762,7130
27,Minnesota,B27010_050,104242,5777
27,Minnesota,B27010_051,989834,2632
27,Minnesota,B27010_052,304647,6773
27,Minnesota,B27010_058,682125,7187
27,Minnesota,B27010_066,3062,733
28,Mississippi,B27010_002,718688,4123
28,Mississippi,B27010_003,621392,8141
28,Mississippi,B27010_010,53887,5856
28,Mississippi,B27010_017,43409,5636
28,Mississippi,B27010_018,569890,6049
28,Mississippi,B27010_019,424245,8411
28,Mississippi,B27010_026,35932,4272
28,Mississippi,B27010_033,109713,6567
28,Mississippi,B27010_034,1086106,5415
28,Mississippi,B27010_035,792667,8887
28,Mississippi,B27010_042,152119,7678
28,Mississippi,B27010_050,141320,7087
28,Mississippi,B27010_051,499606,2546
28,Mississippi,B27010_052,183978,5546
28,Mississippi,B27010_058,312676,5584
28,Mississippi,B27010_066,2952,911
29,Missouri,B27010_002,1445180,5021
29,Missouri,B27010_003,1270474,11285
29,Missouri,B27010_010,97193,7981
29,Missouri,B27010_017,77513,8071
29,Missouri,B27010_018,1267830,7870
29,Missouri,B27010_019,1015084,10493
29,Missouri,B27010_026,77294,5067
29,Missouri,B27010_033,175452,9184
29,Missouri,B27010_034,2279163,7402
29,Missouri,B27010_035,1859216,13540
29,Missouri,B27010_042,219130,10267
29,Missouri,B27010_050,200817,8922
29,Missouri,B27010_051,1102363,3290
29,Missouri,B27010_052,481142,9490
29,Missouri,B27010_058,616688,9028
29,Missouri,B27010_066,4533,961
30,Montana,B27010_002,247664,1876
30,Montana,B27010_003,214099,4287
30,Montana,B27010_010,16747,2914
30,Montana,B27010_017,16818,3066
30,Montana,B27010_018,227086,2968
30,Montana,B27010_019,178910,4796
30,Montana,B27010_026,15965,2602
30,Montana,B27010_033,32211,3147
30,Montana,B27010_034,414097,2750
30,Montana,B27010_035,325402,4555
30,Montana,B27010_042,44483,3410
30,Montana,B27010_050,44212,3777
30,Montana,B27010_051,226639,1307
30,Montana,B27010_052,84223,3616
30,Montana,B27010_058,141582,3840
30,Montana,B27010_066,834,380
31,Nebraska,B27010_002,503721,2705
31,Nebraska,B27010_003,444864,6037
31,Nebraska,B27010_010,40299,5018
31,Nebraska,B27010_017,18558,2980
31,Nebraska,B27010_018,412693,4133
31,Nebraska,B27010_019,334577,5565
31,Nebraska,B27010_026,30202,3260
31,Nebraska,B27010_033,47914,3884
31,Nebraska,B27010_034,705490,3837
31,Nebraska,B27010_035,584564,7846
31,Nebraska,B27010_042,70012,5324
31,Nebraska,B27010_050,50914,4524
31,Nebraska,B27010_051,329827,2039
31,Nebraska,B27010_052,126082,4487
31,Nebraska,B27010_058,201649,4879
31,Nebraska,B27010_066,2096,990
32,Nevada,B27010_002,722316,2687
32,Nevada,B27010_003,594817,11176
32,Nevada,B27010_010,70172,8989
32,Nevada,B27010_017,57327,7447
32,Nevada,B27010_018,654953,4153
32,Nevada,B27010_019,483434,8561
32,Nevada,B27010_026,59131,6229
32,Nevada,B27010_033,112388,7033
32,Nevada,B27010_034,1226656,3211
32,Nevada,B27010_035,930651,11255
32,Nevada,B27010_042,133087,8775
32,Nevada,B27010_050,162918,7848
32,Nevada,B27010_051,550102,1997
32,Nevada,B27010_052,244149,7366
32,Nevada,B27010_058,297950,7174
32,Nevada,B27010_066,8003,2035
33,New Hampshire,B27010_002,269074,2007
33,New Hampshire,B27010_003,242567,4686
33,New Hampshire,B27010_010,17430,3461
33,New Hampshire,B27010_017,9077,2442
33,New Hampshire,B27010_018,275341,2801
33,New Hampshire,B27010_019,237432,4157
33,New Hampshire,B27010_026,14623,2127
33,New Hampshire,B27010_033,23286,2709
33,New Hampshire,B27010_034,560560,2638
33,New Hampshire,B27010_035,486948,5249
33,New Hampshire,B27010_042,40953,3702
33,New Hampshire,B27010_050,32659,3790
33,New Hampshire,B27010_051,281041,1636
33,New Hampshire,B27010_052,108791,4974
33,New Hampshire,B27010_058,171657,4793
33,New Hampshire,B27010_066,593,404
34,New Jersey,B27010_002,2125438,5339
34,New Jersey,B27010_003,1923453,11310
34,New Jersey,B27010_010,114249,8841
34,New Jersey,B27010_017,87736,6903
34,New Jersey,B27010_018,1816402,6120
34,New Jersey,B27010_019,1513710,11180
34,New Jersey,B27010_026,82500,5181
34,New Jersey,B27010_033,220192,9322
34,New Jersey,B27010_034,3650954,3949
34,New Jersey,B27010_035,3080291,16518
34,New Jersey,B27010_042,235883,8998
34,New Jersey,B27010_050,334780,12288
34,New Jersey,B27010_051,1611343,1797
34,New Jersey,B27010_052,617641,12298
34,New Jersey,B27010_058,974547,12282
34,New Jersey,B27010_066,19155,2802
35,New Mexico,B27010_002,478110,3759
35,New Mexico,B27010_003,405203,7072
35,New Mexico,B27010_010,44515,5564
35,New Mexico,B27010_017,28392,4113
35,New Mexico,B27010_018,422767,5348
35,New Mexico,B27010_019,323614,7162
35,New Mexico,B27010_026,35932,3824
35,New Mexico,B27010_033,63221,5435
35,New Mexico,B27010_034,758409,4805
35,New Mexico,B27010_035,574545,9559
35,New Mexico,B27010_042,90551,5894
35,New Mexico,B27010_050,93313,5883
35,New Mexico,B27010_051,417170,2135
35,New Mexico,B27010_052,143406,5803
35,New Mexico,B27010_058,270090,5912
35,New Mexico,B27010_066,3674,1118
36,New York,B27010_002,4203173,8686
36,New York,B27010_003,3685132,23825
36,New York,B27010_010,398390,17672
36,New York,B27010_017,119651,9151
36,New York,B27010_018,4171921,9616
36,New York,B27010_019,3542436,18165
36,New York,B27010_026,293815,12644
36,New York,B27010_033,335670,13683
36,New York,B27010_034,7458314,5806
36,New York,B27010_035,6312708,19511
36,New York,B27010_042,689289,17194
36,New York,B27010_050,456317,14371
36,New York,B27010_051,3538997,3820
36,New York,B27010_052,1144358,18330
36,New York,B27010_058,2367962,19015
36,New York,B27010_066,26677,2948
37,North Carolina,B27010_002,2462267,6584
37,North Carolina,B27010_003,2155607,16224
37,North Carolina,B27010_010,178052,10939
37,North Carolina,B27010_017,128608,10477
37,North Carolina,B27010_018,2219508,10269
37,North Carolina,B27010_019,1710952,16678
37,North Carolina,B27010_026,169658,9221
37,North Carolina,B27010_033,338898,11927
37,North Carolina,B27010_034,4065970,9411
37,North Carolina,B27010_035,3147165,19456
37,North Carolina,B27010_042,420022,13029
37,North Carolina,B27010_050,498783,16302
37,North Carolina,B27010_051,1875463,4516
37,North Carolina,B27010_052,721308,14442
37,North Carolina,B27010_058,1139821,14398
37,North Carolina,B27010_066,14334,2146
38,North Dakota,B27010_002,190450,3106
38,North Dakota,B27010_003,167318,3940
38,North Dakota,B27010_010,16304,2758
38,North Dakota,B27010_017,6828,1425
38,North Dakota,B27010_018,179393,3536
38,North Dakota,B27010_019,150615,3794
38,North Dakota,B27010_026,15001,2564
38,North Dakota,B27010_033,13777,2678
38,North Dakota,B27010_034,266769,3134
38,North Dakota,B27010_035,228350,4097
38,North Dakota,B27010_042,25178,2592
38,North Dakota,B27010_050,13241,2068
38,North Dakota,B27010_051,126926,1439
38,North Dakota,B27010_052,34827,2724
38,North Dakota,B27010_058,91579,3010
38,North Dakota,B27010_066,520,302
39,Ohio,B27010_002,2731679,7328
39,Ohio,B27010_003,2394710,14937
39,Ohio,B27010_010,201774,11502
39,Ohio,B27010_017,135195,9706
39,Ohio,B27010_018,2392178,9070
39,Ohio,B27010_019,1966903,14091
39,Ohio,B27010_026,161251,8875
39,Ohio,B27010_033,264024,10698
39,Ohio,B27010_034,4351230,6368
39,Ohio,B27010_035,3657071,13894
39,Ohio,B27010_042,392018,11202
39,Ohio,B27010_050,302141,10098
39,Ohio,B27010_051,2141054,4011
39,Ohio,B27010_052,869486,12557
39,Ohio,B27010_058,1260315,12396
39,Ohio,B27010_066,11253,1558
40,Oklahoma,B27010_002,1027030,2396
40,Oklahoma,B27010_003,862770,7380
40,Oklahoma,B27010_010,87432,5762
40,Oklahoma,B27010_017,76828,4952
40,Oklahoma,B27010_018,849923,4298
40,Oklahoma,B27010_019,622906,7981
40,Oklahoma,B27010_026,59258,3683
40,Oklahoma,B27010_033,167759,6419
40,Oklahoma,B27010_034,1433557,4177
40,Oklahoma,B27010_035,1073867,10415
40,Oklahoma,B27010_042,158704,6182
40,Oklahoma,B27010_050,200986,6853
40,Oklahoma,B27010_051,656586,1835
40,Oklahoma,B27010_052,237669,5301
40,Oklahoma,B27010_058,414060,5214
40,Oklahoma,B27010_066,4857,1111
41,Oregon,B27010_002,877018,4049
41,Oregon,B27010_003,777109,9367
41,Oregon,B27010_010,73638,6251
41,Oregon,B27010_017,26271,4093
41,Oregon,B27010_018,885646,6085
41,Oregon,B27010_019,730245,8986
41,Oregon,B27010_026,66508,5292
41,Oregon,B27010_033,88893,5805
41,Oregon,B27010_034,1615770,5072
41,Oregon,B27010_035,1358926,11610
41,Oregon,B27010_042,145163,7648
41,Oregon,B27010_050,111681,7200
41,Oregon,B27010_051,814591,2290
41,Oregon,B27010_052,307496,7261
41,Oregon,B27010_058,503644,7292
41,Oregon,B27010_066,3451,1145
42,Pennsylvania,B27010_002,2807524,6830
42,Pennsylvania,B27010_003,2399968,17347
42,Pennsylvania,B27010_010,260689,11647
42,Pennsylvania,B27010_017,146867,11522
42,Pennsylvania,B27010_018,2596634,7795
42,Pennsylvania,B27010_019,2169469,14898
42,Pennsylvania,B27010_026,179783,9037
42,Pennsylvania,B27010_033,247382,10108
42,Pennsylvania,B27010_034,4859268,5591
42,Pennsylvania,B27010_035,4111444,19196
42,Pennsylvania,B27010_042,465381,12776
42,Pennsylvania,B27010_050,282443,11232
42,Pennsylvania,B27010_051,2515961,2884
42,Pennsylvania,B27010_052,888525,13824
42,Pennsylvania,B27010_058,1611723,13316
42,Pennsylvania,B27010_066,15713,2739
44,Rhode Island,B27010_002,220785,2161
44,Rhode Island,B27010_003,189090,5898
44,Rhode Island,B27010_010,24511,4884
44,Rhode Island,B27010_017,7184,2451
44,Rhode Island,B27010_018,237852,3250
44,Rhode Island,B27010_019,200795,5120
44,Rhode Island,B27010_026,18916,3278
44,Rhode Island,B27010_033,18141,3645
44,Rhode Island,B27010_034,416298,2379
44,Rhode Island,B27010_035,348421,5327
44,Rhode Island,B27010_042,46366,4502
44,Rhode Island,B27010_050,21511,2791
44,Rhode Island,B27010_051,204802,1817
44,Rhode Island,B27010_052,78156,4232
44,Rhode Island,B27010_058,125054,4726
44,Rhode Island,B27010_066,1592,854
45,South Carolina,B27010_002,1214304,4925
45,South Carolina,B27010_003,1036819,11590
45,South Carolina,B27010_010,103273,8345
45,South Carolina,B27010_017,74212,7204
45,South Carolina,B27010_018,1041346,6888
45,South Carolina,B27010_019,784908,12107
45,South Carolina,B27010_026,85254,6681
45,South Carolina,B27010_033,171184,8405
45,South Carolina,B27010_034,2002939,6184
45,South Carolina,B27010_035,1528077,11610
45,South Carolina,B27010_042,245575,8998
45,South Carolina,B27010_050,229287,9051
45,South Carolina,B27010_051,1017625,2856
45,South Carolina,B27010_052,359183,9085
45,South Carolina,B27010_058,652955,9414
45,South Carolina,B27010_066,5487,1486
46,South Dakota,B27010_002,232993,2221
46,South Dakota,B27010_003,199174,4110
46,South Dakota,B27010_010,17441,2403
46,South Dakota,B27010_017,16378,3044
46,South Dakota,B27010_018,179313,2639
46,South Dakota,B27010_019,139937,4015
46,South Dakota,B27010_026,13364,1747
46,South Dakota,B27010_033,26012,2903
46,South Dakota,B27010_034,325918,2653
46,South Dakota,B27010_035,261158,4761
46,South Dakota,B27010_042,33553,3201
46,South Dakota,B27010_050,31207,2691
46,South Dakota,B27010_051,162040,1328
46,South Dakota,B27010_052,55439,3337
46,South Dakota,B27010_058,105819,3346
46,South Dakota,B27010_066,782,505
47,Tennessee,B27010_002,1645032,6420
47,Tennessee,B27010_003,1420603,14251
47,Tennessee,B27010_010,131574,9290
47,Tennessee,B27010_017,92855,9062
47,Tennessee,B27010_018,1495217,9361
47,Tennessee,B27010_019,1162066,12281
47,Tennessee,B27010_026,99248,6380
47,Tennessee,B27010_033,233903,10139
47,Tennessee,B27010_034,2671622,6603
47,Tennessee,B27010_035,2087193,16981
47,Tennessee,B27010_042,264088,10476
47,Tennessee,B27010_050,320341,13002
47,Tennessee,B27010_051,1221349,4216
47,Tennessee,B27010_052,488054,12505
47,Tennessee,B27010_058,725931,12517
47,Tennessee,B27010_066,7364,1556
48,Texas,B27010_002,7949408,10695
48,Texas,B27010_003,6544931,33493
48,Texas,B27010_010,461939,15862
48,Texas,B27010_017,942538,27789
48,Texas,B27010_018,6710643,16117
48,Texas,B27010_019,4586605,33633
48,Texas,B27010_026,371899,14344
48,Texas,B27010_033,1752139,27489
48,Texas,B27010_034,11256142,11899
48,Texas,B27010_035,8171623,36808
48,Texas,B27010_042,941968,19383
48,Texas,B27010_050,2142551,26782
48,Texas,B27010_051,4104283,6081
48,Texas,B27010_052,1772000,20852
48,Texas,B27010_058,2252473,22030
48,Texas,B27010_066,79810,5172
49,Utah,B27010_002,989401,3520
49,Utah,B27010_003,861836,9488
49,Utah,B27010_010,61925,6411
49,Utah,B27010_017,65640,6749
49,Utah,B27010_018,837233,4760
49,Utah,B27010_019,689376,7980
49,Utah,B27010_026,54686,4865
49,Utah,B27010_033,93171,7268
49,Utah,B27010_034,1154287,3407
49,Utah,B27010_035,965691,8373
49,Utah,B27010_042,79643,4941
49,Utah,B27010_050,108953,6590
49,Utah,B27010_051,410460,1782
49,Utah,B27010_052,180268,5019
49,Utah,B27010_058,227675,5235
49,Utah,B27010_066,2517,975
50,Vermont,B27010_002,123995,1932
50,Vermont,B27010_003,113904,2575
50,Vermont,B27010_010,7548,1580
50,Vermont,B27010_017,2543,944
50,Vermont,B27010_018,127675,2154
50,Vermont,B27010_019,109798,2382
50,Vermont,B27010_026,9197,1523
50,Vermont,B27010_033,8680,1658
50,Vermont,B27010_034,249960,1347
50,Vermont,B27010_035,217252,2916
50,Vermont,B27010_042,22571,2138
50,Vermont,B27010_050,10137,1701
50,Vermont,B27010_051,140434,1026
50,Vermont,B27010_052,46472,2497
50,Vermont,B27010_058,93641,2650
50,Vermont,B27010_066,321,236
51,Virginia,B27010_002,1997126,7457
51,Virginia,B27010_003,1728509,13942
51,Virginia,B27010_010,177032,11826
51,Virginia,B27010_017,91585,8366
51,Virginia,B27010_018,1735350,10096
51,Virginia,B27010_019,1409109,12549
51,Virginia,B27010_026,133552,9077
51,Virginia,B27010_033,192689,8589
51,Virginia,B27010_034,3290523,8416
51,Virginia,B27010_035,2688139,13937
51,Virginia,B27010_042,355946,11472
51,Virginia,B27010_050,246438,10633
51,Virginia,B27010_051,1466258,3882
51,Virginia,B27010_052,515838,10881
51,Virginia,B27010_058,937653,10969
51,Virginia,B27010_066,12767,2285
53,Washington,B27010_002,1741764,5278
53,Washington,B27010_003,1540809,11388
53,Washington,B27010_010,143204,8785
53,Washington,B27010_017,57751,7078
53,Washington,B27010_018,1677252,6958
53,Washington,B27010_019,1390084,11536
53,Washington,B27010_026,118154,6882
53,Washington,B27010_033,169014,8733
53,Washington,B27010_034,2960486,5721
53,Washington,B27010_035,2451154,15198
53,Washington,B27010_042,264561,10075
53,Washington,B27010_050,244771,10001
53,Washington,B27010_051,1314425,2641
53,Washington,B27010_052,494132,9865
53,Washington,B27010_058,810766,9614
53,Washington,B27010_066,9527,1763
54,West Virginia,B27010_002,375941,3133
54,West Virginia,B27010_003,332739,5371
54,West Virginia,B27010_010,31784,3955
54,West Virginia,B27010_017,11418,2391
54,West Virginia,B27010_018,331649,3705
54,West Virginia,B27010_019,267025,5151
54,West Virginia,B27010_026,27431,3019
54,West Virginia,B27010_033,37193,3497
54,West Virginia,B27010_034,657365,3354
54,West Virginia,B27010_035,524144,7503
54,West Virginia,B27010_042,80023,5942
54,West Virginia,B27010_050,53198,4470
54,West Virginia,B27010_051,371185,1559
54,West Virginia,B27010_052,123770,5941
54,West Virginia,B27010_058,246507,6028
54,West Virginia,B27010_066,908,486
55,Wisconsin,B27010_002,1325166,4851
55,Wisconsin,B27010_003,1151044,8839
55,Wisconsin,B27010_010,119884,6143
55,Wisconsin,B27010_017,54238,5349
55,Wisconsin,B27010_018,1197673,6130
55,Wisconsin,B27010_019,998411,8918
55,Wisconsin,B27010_026,94415,6007
55,Wisconsin,B27010_033,104847,5884
55,Wisconsin,B27010_034,2221149,4954
55,Wisconsin,B27010_035,1896971,11146
55,Wisconsin,B27010_042,203833,8941
55,Wisconsin,B27010_050,120345,6280
55,Wisconsin,B27010_051,1107279,2922
55,Wisconsin,B27010_052,425839,7358
55,Wisconsin,B27010_058,676706,7453
55,Wisconsin,B27010_066,4734,1125
56,Wyoming,B27010_002,136561,1784
56,Wyoming,B27010_003,114591,3570
56,Wyoming,B27010_010,12121,2503
56,Wyoming,B27010_017,9849,2788
56,Wyoming,B27010_018,115854,2470
56,Wyoming,B27010_019,83998,3568
56,Wyoming,B27010_026,8789,1572
56,Wyoming,B27010_033,23067,3140
56,Wyoming,B27010_034,211603,2225
56,Wyoming,B27010_035,163213,3651
56,Wyoming,B27010_042,20370,2146
56,Wyoming,B27010_050,28020,2985
56,Wyoming,B27010_051,109728,1143
56,Wyoming,B27010_052,40678,2998
56,Wyoming,B27010_058,68866,2981
56,Wyoming,B27010_066,184,176
72,Puerto Rico,B27010_002,542201,3056
72,Puerto Rico,B27010_003,507510,5312
72,Puerto Rico,B27010_010,22630,3279
72,Puerto Rico,B27010_017,12061,2341
72,Puerto Rico,B27010_018,656859,6063
72,Puerto Rico,B27010_019,580635,7755
72,Puerto Rico,B27010_026,19611,3235
72,Puerto Rico,B27010_033,56613,5854
72,Puerto Rico,B27010_034,1217717,5519
72,Puerto Rico,B27010_035,1019985,8974
72,Puerto Rico,B27010_042,105312,7566
72,Puerto Rico,B27010_050,92420,5358
72,Puerto Rico,B27010_051,763843,382
72,Puerto Rico,B27010_052,303737,7735
72,Puerto Rico,B27010_058,454084,7681
72,Puerto Rico,B27010_066,6022,1287
